{
    "smape": 44.99680601201644,
    "wape": 0.05729768934808261,
    "rmse": 0.2734225919466536,
    "weeks_count_vaidation": 100
}