{
    "smape": 42.89584229210255,
    "wape": 0.05145036585792342,
    "rmse": 0.3370960023095406,
    "weeks_count_vaidation": 100
}