{
    "smape": 45.326607908895056,
    "wape": 0.11191360531683271,
    "rmse": 0.3188421539338539,
    "weeks_count_vaidation": 100
}