{
    "smape": 17.131826401106117,
    "wape": 0.09547177966007198,
    "rmse": 0.15712449317971475,
    "weeks_count_vaidation": 100
}