{
    "smape": 25.277787056597518,
    "wape": 0.10119112678129585,
    "rmse": 0.1582934749849134,
    "weeks_count_vaidation": 100
}