{
    "smape": 76.40052398529545,
    "wape": 0.0688458338895341,
    "rmse": 0.4798777704458959,
    "weeks_count_vaidation": 100
}