{
    "smape": 35.05236641800436,
    "wape": 0.05022472546277496,
    "rmse": 0.2406688171757311,
    "weeks_count_vaidation": 100
}