{
    "smape": 28.34793549519496,
    "wape": 0.08505448765210666,
    "rmse": 0.18286233090925053,
    "weeks_count_vaidation": 100
}