{
    "smape": 37.01886850197869,
    "wape": 0.05739494366755134,
    "rmse": 0.2408873340414921,
    "weeks_count_vaidation": 100
}