{
    "smape": 50.052033327584454,
    "wape": 0.05413171264003441,
    "rmse": 0.35920518589223654,
    "weeks_count_vaidation": 100
}